file_name,space,vibe,lighting,camera_angle
Acer_laptops_and_computers_19_hunyuandit.png,Minimalist studio,Bold futuristic,Crisp product lighting,Hero product angle
Acer_laptops_and_computers_30_hunyuandit.png,Tech showroom,Bold futuristic,Crisp product lighting,Close-up detail shot
Acer_laptops_and_computers_38_hunyuandit.png,Tech showroom,Sleek minimalist,Clean studio setup,Close-up detail shot
Acer_laptops_and_computers_39_hunyuandit.png,Modern home office,Clean editorial,Crisp product lighting,Hero product angle
Acer_laptops_and_computers_40_hunyuandit.png,Minimalist studio,Clean editorial,Crisp product lighting,Three-quarter view
adani_001_hunyuandit.png,Corporate office,Approachable business,Warm inviting glow,Client interaction view
adani_002_hunyuandit.png,Professional workspace,Vibrant contemporary,Ambient environmental light,Lifestyle wide angle
Air_India_410_hunyuandit.png,Historic cityscape,Peaceful natural,Natural sunlight,Dynamic action angle
Air_India_420_hunyuandit.png,Historic cityscape,Adventurous explorer,Cinematic lighting setup,Dynamic action angle
air_purifier_001_hunyuandit.png,Modern home,Calm Scandinavian,Clean product spotlight,Straight-on product shot
Air_purifier_003_hunyuandit.png,Luxury apartment,Modern domestic,Clean product spotlight,In-context usage angle
Air_purifier_005_hunyuandit.png,Sleek kitchen,Elegant minimalist,Clean product spotlight,In-context usage angle
air_purifier_007_hunyuandit.png,Designer living space,Calm Scandinavian,Bright high-key lighting,Overhead flat lay
airline_001_hunyuandit.png,Luxury resort,Vibrant contemporary,Cinematic lighting setup,Wide angle perspective
airline_002_hunyuandit.png,Historic cityscape,Peaceful natural,Natural sunlight,Wide angle perspective
airline_003_hunyuandit.png,Luxury resort,Peaceful natural,Cinematic lighting setup,Dynamic action angle
airline_004_hunyuandit.png,Luxury resort,Adventurous explorer,Natural sunlight,Aerial overview
airline_005_hunyuandit.png,Mountain landscape,Peaceful natural,Natural sunlight,Immersive POV
Ajit Jalandhar_942_hunyuandit.png,Modern home office,Sleek minimalist,Clean studio setup,Hero product angle
amazon_001_hunyuandit.png,Client meeting space,Trusted expert,Professional diffused,Eye-level perspective
Amazon_Foods_001_hunyuandit.png,Urban cafe,Indulgent gourmet,Soft natural daylight,In-scene lifestyle view
Amway_401_hunyuandit.png,Peaceful retreat,Rejuvenating spa,Gentle ambient glow,Close-up detail shot
ao_smith_001_hunyuandit.png,Modern home,Calm Scandinavian,Diffused window light,In-context usage angle
Apple_laptops_and_computers_24_hunyuandit.png,Professional workspace,Bold futuristic,Cool blue hour ambiance,Close-up detail shot
Apple_laptops_and_computers_28_hunyuandit.png,Minimalist studio,Bold futuristic,High-tech LED accents,Floating display view
Apple_laptops_and_computers_412_hunyuandit.png,Modern home office,Bold futuristic,Crisp product lighting,Floating display view
Apple_laptops_and_computers_418_hunyuandit.png,Professional workspace,Clean editorial,High-tech LED accents,Close-up detail shot
Apple_laptops_and_computers_419_hunyuandit.png,Professional workspace,Bold futuristic,Cool blue hour ambiance,Floating display view
Apple_mobiles_21_hunyuandit.png,Tech showroom,Clean editorial,Cool blue hour ambiance,Hero product angle
Apple_mobiles_414_hunyuandit.png,Tech showroom,Clean editorial,Crisp product lighting,Three-quarter view
appliances_001_hunyuandit.png,Sleek kitchen,Elegant minimalist,Diffused window light,Overhead flat lay
Asus_laptops_and_computers_17_hunyuandit.png,Tech showroom,Clean editorial,High-tech LED accents,Close-up detail shot
at&t_001_hunyuandit.png,Corporate office,Trusted expert,Professional diffused,Service in action
at&t_002_hunyuandit.png,Urban cafe,Vibrant contemporary,Ambient environmental light,Lifestyle wide angle
audi_123_hunyuandit.png,Urban street,Luxurious modern,Dramatic studio lighting,Dramatic low angle
baby_powder_004_hunyuandit.png,Peaceful retreat,Rejuvenating spa,Calming low contrast,Serene wide shot
bank_001_hunyuandit.png,Professional workspace,Elegant minimalist,Professional office lighting,Lifestyle wide angle
bank_018_hunyuandit.png,Modern home office,Secure modern,Ambient environmental light,Symbolic composition
bank_021_hunyuandit.png,Professional workspace,Professional corporate,Diffused window light,Eye-level perspective
Bank_of_Baroda_420_hunyuandit.png,Executive office,Elegant minimalist,Diffused window light,Lifestyle wide angle
beauty_001_hunyuandit.png,Spa environment,Rejuvenating spa,Gentle ambient glow,Shallow depth of field focus
Biba_404_hunyuandit.png,High-end retail space,Energetic urban,Fashion editorial lighting,Dynamic action angle
BK_jwellers_hunyuandit.png,Luxury apartment,Timeless classic,Crisp product lighting,Wrist/body placement shot
Blue_Star_air_conditioners_29_hunyuandit.png,Sleek kitchen,Calm Scandinavian,Diffused window light,Overhead flat lay
Blue_Star_air_conditioners_404_hunyuandit.png,Luxury apartment,Sleek contemporary,Clean product spotlight,Overhead flat lay
Blue_Star_air_conditioners_411_hunyuandit.png,Sleek kitchen,Calm Scandinavian,Diffused window light,Lifestyle integration view
Blue_Star_air_conditioners_9_hunyuandit.png,Modern home,Elegant minimalist,Soft domestic ambiance,Lifestyle integration view
Bosch_washing_machine_400_hunyuandit.png,Luxury apartment,Modern domestic,Clean product spotlight,In-context usage angle
Britannia_400_hunyuandit.png,Outdoor dining setting,Vibrant fresh,Warm ambient glow,Overhead flat lay
Cadbury_Bournvita_nutrition_drink_26_hunyuandit.png,Urban cafe,Indulgent gourmet,Rich contrasting shadows,Overhead flat lay
car_001_hunyuandit.png,Mountain road,Bold futuristic,Moody contrast,Dramatic low angle
car_brands_400_Jaguar_hunyuandit.png,Sleek showroom,Luxurious modern,Moody contrast,Hero front angle
car_brands_404_BMW_hunyuandit.png,Mountain road,Luxurious modern,Dramatic studio lighting,Hero front angle
car_brands_405_Fiat_hunyuandit.png,Natural outdoor setting,Bold futuristic,Cool blue hour ambiance,Hero front angle
car_brands_407_Jaguar_hunyuandit.png,Urban street,Bold futuristic,Cool blue hour ambiance,Hero front angle
car_brands_411_Volkswagen_hunyuandit.png,Mountain road,Dynamic performance,Moody contrast,Dynamic motion shot
car_brands_421_Volkswagen_hunyuandit.png,Urban street,Luxurious modern,Dynamic spotlights,Hero front angle
car_brands_423_BMW_hunyuandit.png,Natural outdoor setting,Bold futuristic,Moody contrast,Dramatic low angle
car_brands_426_BMW_hunyuandit.png,Natural outdoor setting,Elegant precision,Cool blue hour ambiance,Dramatic low angle
car_brands_429_Volkswagen_hunyuandit.png,Sleek showroom,Elegant precision,Dramatic studio lighting,Dramatic low angle
Chicco_baby_products_13_hunyuandit.png,Stylish bathroom,Serene minimalist,Gentle ambient glow,Shallow depth of field focus
Chicco_baby_products_4_hunyuandit.png,Stylish bathroom,Calm Scandinavian,Diffused window light,Shallow depth of field focus
Clinic_Plus_shampoo_6_hunyuandit.png,Peaceful retreat,Peaceful natural,Soft natural daylight,Shallow depth of field focus
clothes_001_hunyuandit.png,Minimalist studio,Luxurious fashion,Atmospheric backlight,Three-quarter view
clothing_002_hunyuandit.png,Urban street,Trendy contemporary,High-contrast directional,Lifestyle context view
Club_Mahindra_408_hunyuandit.png,Luxury resort,Vibrant contemporary,Dramatic sunset,Immersive POV
Colgate_toothpaste_400_hunyuandit.png,Peaceful retreat,Rejuvenating spa,Soft natural daylight,Serene wide shot
columbia_sportswear_005_hunyuandit.png,Minimalist studio,Clean editorial,Fashion editorial lighting,Fashion editorial pose
Copy of Allahabad_Bank_12_hunyuandit.png,Corporate setting,Elegant minimalist,Soft business setting,Eye-level perspective
Copy of Amway_3_hunyuandit.png,Spa environment,Calm Scandinavian,Calming low contrast,Lifestyle usage angle
Copy of Apple_mobiles_3_hunyuandit.png,Tech showroom,Bold futuristic,High-tech LED accents,Floating display view
Copy of Ariel_detergent_32_hunyuandit.png,Modern home office,Cozy contemporary,Warm home ambiance,Feature demonstration angle
Copy of Biotique_soaps_17_hunyuandit.png,Spa environment,Calm Scandinavian,Soft natural daylight,Lifestyle usage angle
Copy of Complan_40_hunyuandit.png,Outdoor dining setting,Clean editorial,Rich contrasting shadows,In-scene lifestyle view
Copy of Dove_soaps_11_hunyuandit.png,Spa environment,Calm Scandinavian,Gentle ambient glow,Serene wide shot
Copy of Glucon-D_42_hunyuandit.png,Minimalist studio,Warm rustic,Soft natural daylight,Overhead flat lay
Copy of HDFC_Bank_13_hunyuandit.png,Corporate setting,Secure modern,Soft business setting,Professional interaction
Copy of Hitachi_air_conditioners_7_hunyuandit.png,Luxury apartment,Sleek contemporary,Clean product spotlight,Overhead flat lay
Copy of Joyalukkas_jewellary_38_hunyuandit.png,Minimalist studio,Fashion forward,Crisp product lighting,Overhead flat lay
Copy of MISC_alcohol_24_hunyuandit.png,Outdoor dining setting,Clean editorial,Dramatic studio lighting,In-scene lifestyle view
Copy of Samsung_television_25_hunyuandit.png,Modern home office,Clean editorial,Clean studio setup,Close-up detail shot
Copy of Sansui_television_15_hunyuandit.png,Modern home office,High-tech modern,High-tech LED accents,Floating display view
Copy of Sony_television_22_hunyuandit.png,Tech showroom,High-tech modern,High-tech LED accents,Hero product angle
Cosco_Sports_17_hunyuandit.png,Natural outdoor setting,Serene minimalist,Calming low contrast,Serene wide shot
Cosco_Sports_21_hunyuandit.png,Stylish bathroom,Peaceful natural,Calming low contrast,Serene wide shot
Croma_washing_machine_12_hunyuandit.png,Modern home,Calm Scandinavian,Bright high-key lighting,Overhead flat lay
daikin_702_hunyuandit.png,Designer living space,Elegant minimalist,Clean product spotlight,Lifestyle integration view
Daikin_air_conditioners_22_hunyuandit.png,Sleek kitchen,Modern domestic,Bright high-key lighting,Overhead flat lay
Dell_laptops_and_computers_15_hunyuandit.png,Professional workspace,High-tech modern,High-tech LED accents,Close-up detail shot
Dell_laptops_and_computers_3_hunyuandit.png,Tech showroom,Bold futuristic,Cool blue hour ambiance,Close-up detail shot
Dell_laptops_and_computers_417_hunyuandit.png,Minimalist studio,High-tech modern,Crisp product lighting,Three-quarter view
Dettol_floor_cleaner_1_hunyuandit.png,Contemporary home,Cozy contemporary,Soft natural daylight,Lifestyle wide angle
Dettol_floor_cleaner_32_hunyuandit.png,Designer living space,Elegant comfort,Diffused window light,Overhead flat lay
diswash_006_hunyuandit.png,Contemporary home,Warm rustic,Soft natural daylight,Feature demonstration angle
dlf_001_hunyuandit.png,Professional workspace,Trusted expert,Professional diffused,Lifestyle wide angle
dove_001_hunyuandit.png,Peaceful retreat,Calm Scandinavian,Gentle ambient glow,Close-up detail shot
dove_002_hunyuandit.png,Peaceful retreat,Rejuvenating spa,Gentle ambient glow,Lifestyle usage angle
dove_365_hunyuandit.png,Peaceful retreat,Serene minimalist,Diffused window light,Lifestyle usage angle
Dove_baby_products_11_hunyuandit.png,Stylish bathroom,Serene minimalist,Gentle ambient glow,Serene wide shot
Dove_baby_products_25_hunyuandit.png,Peaceful retreat,Serene minimalist,Diffused window light,Serene wide shot
Dove_baby_products_417_hunyuandit.png,Spa environment,Calm Scandinavian,Diffused window light,Shallow depth of field focus
Dove_baby_products_5_hunyuandit.png,Natural outdoor setting,Serene minimalist,Gentle ambient glow,Shallow depth of field focus
drink_001_hunyuandit.png,Minimalist studio,Indulgent gourmet,Soft natural daylight,45-degree hero angle
drink_002_hunyuandit.png,Urban cafe,Warm rustic,Soft natural daylight,Close-up detail shot
drink_003_hunyuandit.png,Gourmet kitchen,Clean editorial,Rich contrasting shadows,Close-up detail shot
drink_004_hunyuandit.png,Minimalist studio,Indulgent gourmet,Soft natural daylight,Close-up detail shot
drink_005_hunyuandit.png,Urban cafe,Vibrant fresh,Warm ambient glow,45-degree hero angle
drink_006_hunyuandit.png,Gourmet kitchen,Warm rustic,Rich contrasting shadows,45-degree hero angle
drink_007_hunyuandit.png,Outdoor dining setting,Indulgent gourmet,Rich contrasting shadows,45-degree hero angle
food_001_hunyuandit.png,Outdoor dining setting,Clean editorial,Rich contrasting shadows,Overhead flat lay
food_002_hunyuandit.png,Minimalist studio,Indulgent gourmet,Soft natural daylight,In-scene lifestyle view
food_003_hunyuandit.png,Outdoor dining setting,Warm rustic,Soft natural daylight,Overhead flat lay
food_004_hunyuandit.png,Minimalist studio,Indulgent gourmet,Warm ambient glow,45-degree hero angle
food_005_hunyuandit.png,Minimalist studio,Indulgent gourmet,Soft natural daylight,Overhead flat lay
food_006_hunyuandit.png,Gourmet kitchen,Vibrant fresh,Soft natural daylight,Overhead flat lay
food_007_hunyuandit.png,Outdoor dining setting,Clean editorial,Warm ambient glow,Overhead flat lay
food_009_hunyuandit.png,Urban cafe,Clean editorial,Rich contrasting shadows,45-degree hero angle
food_010_hunyuandit.png,Urban cafe,Indulgent gourmet,Warm ambient glow,Overhead flat lay
food_012_hunyuandit.png,Gourmet kitchen,Vibrant fresh,Rich contrasting shadows,Close-up detail shot
food_013_hunyuandit.png,Minimalist studio,Clean editorial,Rich contrasting shadows,Overhead flat lay
food_018_hunyuandit.png,Outdoor dining setting,Indulgent gourmet,Soft natural daylight,45-degree hero angle
ford_400_hunyuandit.png,Mountain road,Elegant precision,Dynamic spotlights,Three-quarter view
ford_426_hunyuandit.png,Natural outdoor setting,Luxurious modern,Dramatic studio lighting,Dynamic motion shot
forevermark_308_hunyuandit.png,High-end retail space,Elegant minimalist,Soft diffused glow,Overhead flat lay
fridge_001_hunyuandit.png,Luxury apartment,Modern domestic,Bright high-key lighting,Straight-on product shot
furniture_001_hunyuandit.png,Sleek kitchen,Calm Scandinavian,Diffused window light,Overhead flat lay
Godrej_washing_machine_1_hunyuandit.png,Designer living space,Modern domestic,Diffused window light,Overhead flat lay
Google_Mobiles_28_hunyuandit.png,Professional workspace,Clean editorial,High-tech LED accents,Hero product angle
Haier_washing_machine_23_hunyuandit.png,Sleek kitchen,Calm Scandinavian,Bright high-key lighting,Lifestyle integration view
Haier_washing_machine_411_hunyuandit.png,Designer living space,Modern domestic,Soft domestic ambiance,Overhead flat lay
Haldiram_405_hunyuandit.png,Minimalist studio,Indulgent gourmet,Warm ambient glow,45-degree hero angle
Head_&_Shoulders_shampoo_25_hunyuandit.png,Spa environment,Serene minimalist,Gentle ambient glow,Close-up detail shot
Head_&_Shoulders_shampoo_79_hunyuandit.png,Spa environment,Serene minimalist,Gentle ambient glow,Lifestyle usage angle
healthcare_services_001_hunyuandit.png,Urban cafe,Professional corporate,Professional diffused,Client interaction view
hero_motocorp_410_hunyuandit.png,Natural outdoor setting,Dynamic performance,Moody contrast,Dynamic motion shot
hero_motocorp_412_hunyuandit.png,Natural outdoor setting,Elegant precision,Moody contrast,Dramatic low angle
hero_motocorp_414_hunyuandit.png,Natural outdoor setting,Dynamic performance,Dynamic spotlights,Hero front angle
hero_motocorp_421_hunyuandit.png,Natural outdoor setting,Luxurious modern,Dramatic studio lighting,Three-quarter view
hero_motocorp_423_hunyuandit.png,Urban street,Elegant precision,Moody contrast,Hero front angle
hero_motocorp_428_hunyuandit.png,Mountain road,Luxurious modern,Moody contrast,Hero front angle
Himalaya_baby_products_8_hunyuandit.png,Spa environment,Calm Scandinavian,Soft natural daylight,Close-up detail shot
Hindustan_Unilever_413_hunyuandit.png,Designer living space,Sleek contemporary,Soft domestic ambiance,Lifestyle integration view
Hindustan_Unilever_417_hunyuandit.png,Designer living space,Sleek contemporary,Bright high-key lighting,Lifestyle integration view
Hindustan_Unilever_418_hunyuandit.png,Luxury apartment,Sleek contemporary,Soft domestic ambiance,Lifestyle integration view
hitachi_402_hunyuandit.png,Sleek kitchen,Modern domestic,Soft domestic ambiance,Overhead flat lay
hitachi_765_hunyuandit.png,Sleek kitchen,Sleek contemporary,Clean product spotlight,Straight-on product shot
Hitachi_air_conditioners_12_hunyuandit.png,Modern home,Sleek contemporary,Bright high-key lighting,In-context usage angle
hollister_001_hunyuandit.png,Minimalist studio,Trendy contemporary,Atmospheric backlight,Lifestyle context view
home_essential_001_hunyuandit.png,Designer living space,Elegant comfort,Soft natural daylight,Lifestyle wide angle
home_essential_002_hunyuandit.png,Luxury apartment,Elegant comfort,Warm home ambiance,Overhead flat lay
home_essential_003_hunyuandit.png,Designer living space,Calm Scandinavian,Warm home ambiance,Feature demonstration angle
honda_421_hunyuandit.png,Natural outdoor setting,Luxurious modern,Dramatic studio lighting,Three-quarter view
honda_429_hunyuandit.png,Mountain road,Luxurious modern,Dramatic studio lighting,Hero front angle
honda_434_hunyuandit.png,Sleek showroom,Luxurious modern,Dynamic spotlights,Hero front angle
honda_civic_001_hunyuandit.png,Sleek showroom,Dynamic performance,Dynamic spotlights,Hero front angle
horlicks_054_hunyuandit.png,Minimalist studio,Clean editorial,Soft natural daylight,In-scene lifestyle view
Horlicks_nutrition_drink_405_hunyuandit.png,Gourmet kitchen,Indulgent gourmet,Rich contrasting shadows,Close-up detail shot
Horlicks_nutrition_drink_409_hunyuandit.png,Gourmet kitchen,Clean editorial,Dramatic studio lighting,Close-up detail shot
hotel_001_hunyuandit.png,Historic cityscape,Luxurious escape,Cinematic lighting setup,Immersive POV
hotel_002_hunyuandit.png,Historic cityscape,Peaceful natural,Dramatic sunset,Aerial overview
hotel_003_hunyuandit.png,Mountain landscape,Peaceful natural,Natural sunlight,Aerial overview
hotel_004_hunyuandit.png,Historic cityscape,Peaceful natural,Cinematic lighting setup,Dynamic action angle
hotel_005_hunyuandit.png,Mountain landscape,Vibrant contemporary,Natural sunlight,Wide angle perspective
hotel_006_hunyuandit.png,Mountain landscape,Vibrant contemporary,Natural sunlight,Immersive POV
hotel_007_hunyuandit.png,Mountain landscape,Peaceful natural,Cinematic lighting setup,Immersive POV
hotel_008_hunyuandit.png,Mountain landscape,Luxurious escape,Cinematic lighting setup,Dynamic action angle
hotel_009_hunyuandit.png,Coastal beach scene,Peaceful natural,Cinematic lighting setup,Wide angle perspective
HP_laptops_and_computers_17_hunyuandit.png,Professional workspace,High-tech modern,Clean studio setup,Close-up detail shot
HP_laptops_and_computers_21_hunyuandit.png,Urban cafe,Professional corporate,Ambient environmental light,Client interaction view
HP_laptops_and_computers_26_hunyuandit.png,Tech showroom,High-tech modern,Cool blue hour ambiance,Close-up detail shot
HP_laptops_and_computers_409_hunyuandit.png,Minimalist studio,High-tech modern,High-tech LED accents,Close-up detail shot
HP_laptops_and_computers_416_hunyuandit.png,Minimalist studio,Bold futuristic,High-tech LED accents,Hero product angle
HRX_27_hunyuandit.png,Urban street,Energetic urban,High-contrast directional,Dynamic action angle
HRX_40_hunyuandit.png,Peaceful retreat,Serene minimalist,Diffused window light,Close-up detail shot
HRX_41_hunyuandit.png,Minimalist studio,Energetic urban,Atmospheric backlight,Dynamic action angle
HRX_42_hunyuandit.png,Peaceful retreat,Calm Scandinavian,Gentle ambient glow,Close-up detail shot
HRX_43_hunyuandit.png,Spa environment,Rejuvenating spa,Gentle ambient glow,Serene wide shot
Huggies_diapers_and_wipes_24_hunyuandit.png,Natural outdoor setting,Serene minimalist,Diffused window light,Shallow depth of field focus
Huggies_diapers_and_wipes_7_hunyuandit.png,Natural outdoor setting,Peaceful natural,Gentle ambient glow,Close-up detail shot
hyundai_404_hunyuandit.png,Urban street,Bold futuristic,Dramatic studio lighting,Dynamic motion shot
hyundai_415_hunyuandit.png,Urban street,Elegant precision,Dynamic spotlights,Dynamic motion shot
hyundai_420_hunyuandit.png,Sleek showroom,Elegant precision,Moody contrast,Dynamic motion shot
ICICI_Bank_26_hunyuandit.png,Corporate setting,Professional corporate,Ambient environmental light,Professional interaction
ICICI_Bank_412_hunyuandit.png,Corporate setting,Secure modern,Soft business setting,Eye-level perspective
ICICI_Bank_434_hunyuandit.png,Professional workspace,Professional corporate,Ambient environmental light,Eye-level perspective
incredible_india_001_hunyuandit.png,Mountain landscape,Vibrant contemporary,Cinematic lighting setup,Immersive POV
incredible_india_002_hunyuandit.png,Coastal beach scene,Luxurious escape,Warm golden hour glow,Immersive POV
Indigo_400_hunyuandit.png,Mountain landscape,Vibrant contemporary,Dramatic sunset,Aerial overview
Indigo_428_hunyuandit.png,Coastal beach scene,Vibrant contemporary,Natural sunlight,Dynamic action angle
insurance_001_hunyuandit.png,Professional workspace,Secure modern,Diffused window light,Symbolic composition
Intel_laptops_and_computers_407_hunyuandit.png,Tech showroom,High-tech modern,Crisp product lighting,Three-quarter view
iphone_001_hunyuandit.png,Minimalist studio,Bold futuristic,High-tech LED accents,Close-up detail shot
iphone_002_hunyuandit.png,Professional workspace,Sleek minimalist,Crisp product lighting,Three-quarter view
irvasa_204_hunyuandit.png,Fashion editorial setting,Fashion forward,Crisp product lighting,Feature highlight angle
it_001_hunyuandit.png,Client meeting space,Vibrant contemporary,Warm inviting glow,Client interaction view
Johnson_&_Johnson_baby_products_22_hunyuandit.png,Spa environment,Calm Scandinavian,Soft natural daylight,Shallow depth of field focus
Johnson_&_Johnson_baby_products_44_hunyuandit.png,Stylish bathroom,Calm Scandinavian,Gentle ambient glow,Serene wide shot
Johnson_&_Johnson_baby_products_50_hunyuandit.png,Natural outdoor setting,Serene minimalist,Diffused window light,Lifestyle usage angle
Joyalukkas_jewellary_402_hunyuandit.png,Fashion editorial setting,Elegant minimalist,Soft diffused glow,Overhead flat lay
Joyalukkas_jewellary_418_hunyuandit.png,Minimalist studio,Timeless classic,Soft diffused glow,Overhead flat lay
Joyalukkas_jewellary_429_hunyuandit.png,Luxury apartment,Timeless classic,Soft diffused glow,Wrist/body placement shot
Kalyan_jewellers_35_hunyuandit.png,High-end retail space,Timeless classic,Crisp product lighting,Feature highlight angle
Kalyan_jewellers_435_hunyuandit.png,High-end retail space,Timeless classic,Soft diffused glow,Feature highlight angle
khozama_005_hunyuandit.png,Stylish bathroom,Calm Scandinavian,Gentle ambient glow,Serene wide shot
Kotak_Life_8_hunyuandit.png,Professional workspace,Elegant minimalist,Ambient environmental light,Professional interaction
kvi_carens_car_hunyuandit.png,Urban street,Elegant precision,Dynamic spotlights,Dynamic motion shot
L_Oreal_Paris_shampoo_26_hunyuandit.png,Natural outdoor setting,Rejuvenating spa,Gentle ambient glow,Serene wide shot
L_Oreal_Paris_shampoo_31_hunyuandit.png,Natural outdoor setting,Peaceful natural,Calming low contrast,Lifestyle usage angle
Lenovo_laptops_and_computers_19_hunyuandit.png,Minimalist studio,Sleek minimalist,High-tech LED accents,Three-quarter view
Lenovo_laptops_and_computers_20_hunyuandit.png,Professional workspace,Bold futuristic,Clean studio setup,Hero product angle
Lenovo_laptops_and_computers_24_hunyuandit.png,Professional workspace,Sleek minimalist,High-tech LED accents,Close-up detail shot
lg_001_hunyuandit.png,Sleek kitchen,Elegant minimalist,Diffused window light,In-context usage angle
lg_002_hunyuandit.png,Sleek kitchen,Elegant minimalist,Clean product spotlight,Lifestyle integration view
LG_air_conditioner_45_hunyuandit.png,Luxury apartment,Elegant minimalist,Diffused window light,In-context usage angle
LG_air_conditioner_50_hunyuandit.png,Sleek kitchen,Calm Scandinavian,Bright high-key lighting,Lifestyle integration view
LG_refrigerators_432_hunyuandit.png,Designer living space,Elegant minimalist,Bright high-key lighting,Lifestyle integration view
LG_television_413_hunyuandit.png,Tech showroom,Sleek minimalist,Clean studio setup,Close-up detail shot
LG_television_420_hunyuandit.png,Modern home office,High-tech modern,Cool blue hour ambiance,Floating display view
lic_insurance_hunyuandit.png,Professional workspace,Secure modern,Diffused window light,Symbolic composition
lic_insurance_008_hunyuandit.png,Professional workspace,Professional corporate,Professional office lighting,Eye-level perspective
logistics_services_hunyuandit.png,Professional workspace,Professional corporate,Warm inviting glow,Client interaction view
Louis_Philippe_405_hunyuandit.png,Fashion runway,Energetic urban,Atmospheric backlight,Three-quarter view
mahindra_425_hunyuandit.png,Urban street,Luxurious modern,Cool blue hour ambiance,Dramatic low angle
mahindra_433_hunyuandit.png,Natural outdoor setting,Elegant precision,Moody contrast,Hero front angle
Make_MyTrip_408_hunyuandit.png,Mountain landscape,Luxurious escape,Dramatic sunset,Wide angle perspective
mall_of_qatar_002_hunyuandit.png,Corporate office,Trusted expert,Warm inviting glow,Client interaction view
maruti_suzuki_401_hunyuandit.png,Urban street,Elegant precision,Moody contrast,Hero front angle
maruti_suzuki_426_hunyuandit.png,Sleek showroom,Elegant precision,Dynamic spotlights,Hero front angle
maruti_suzuki_433_hunyuandit.png,Sleek showroom,Elegant precision,Dynamic spotlights,Three-quarter view
maruti-suzuki-the-new-ignis_hunyuandit.png,Mountain road,Luxurious modern,Dramatic studio lighting,Hero front angle
McDonalds_101_hunyuandit.png,Client meeting space,Trusted expert,Professional diffused,Eye-level perspective
MIcrosoft_laptops_and_computers_30_hunyuandit.png,Professional workspace,Bold futuristic,Clean studio setup,Floating display view
mitsubishi_air_conditioners_703_hunyuandit.png,Designer living space,Elegant minimalist,Soft domestic ambiance,In-context usage angle
mrf_tyres_416_hunyuandit.png,Natural outdoor setting,Dynamic performance,Dramatic studio lighting,Dramatic low angle
Nescafe_Organic_Gold_hunyuandit.png,Minimalist studio,Vibrant fresh,Dramatic studio lighting,Close-up detail shot
nivea_deodrant_665_hunyuandit.png,Stylish bathroom,Calm Scandinavian,Diffused window light,Close-up detail shot
Nivia_5_hunyuandit.png,Natural outdoor setting,Calm Scandinavian,Calming low contrast,Serene wide shot
nokia_001_hunyuandit.png,Minimalist studio,High-tech modern,Crisp product lighting,Close-up detail shot
Nokia_mobiles_407_hunyuandit.png,Tech showroom,Bold futuristic,Cool blue hour ambiance,Close-up detail shot
Nokia_mobiles_409_hunyuandit.png,Tech showroom,Bold futuristic,Clean studio setup,Close-up detail shot
Nokia_mobiles_417_hunyuandit.png,Professional workspace,Bold futuristic,Clean studio setup,Three-quarter view
Nokia_mobiles_422_hunyuandit.png,Minimalist studio,Bold futuristic,Clean studio setup,Three-quarter view
One-Plus_mobiles_406_hunyuandit.png,Tech showroom,Clean editorial,Crisp product lighting,Hero product angle
paint_001_hunyuandit.png,Modern home office,Warm rustic,Warm home ambiance,Feature demonstration angle
Panasonic_television_419_hunyuandit.png,Tech showroom,Sleek minimalist,High-tech LED accents,Three-quarter view
Panasonic_television_424_hunyuandit.png,Tech showroom,Clean editorial,Clean studio setup,Floating display view
Panasonic_television_434_hunyuandit.png,Minimalist studio,Sleek minimalist,High-tech LED accents,Close-up detail shot
Pantene_shampoo_18_hunyuandit.png,Stylish bathroom,Calm Scandinavian,Diffused window light,Shallow depth of field focus
Pantene_shampoo_67_hunyuandit.png,Spa environment,Rejuvenating spa,Calming low contrast,Serene wide shot
Pantene_shampoo_71_hunyuandit.png,Spa environment,Calm Scandinavian,Gentle ambient glow,Lifestyle usage angle
patym_005_hunyuandit.png,Professional workspace,Professional corporate,Ambient environmental light,Lifestyle wide angle
Philips_television_14_hunyuandit.png,Tech showroom,High-tech modern,Crisp product lighting,Floating display view
Philips_television_6_hunyuandit.png,Modern home office,Clean editorial,High-tech LED accents,Close-up detail shot
pixel_001_hunyuandit.png,Minimalist studio,Clean editorial,High-tech LED accents,Three-quarter view
porsche_001_hunyuandit.png,Mountain road,Elegant precision,Dynamic spotlights,Three-quarter view
quickWash_hunyuandit.png,Modern home office,Calm Scandinavian,Cozy evening glow,In-context usage view
Radisson_Hotel_400_hunyuandit.png,Luxury resort,Vibrant contemporary,Dramatic sunset,Immersive POV
renault_417_hunyuandit.png,Natural outdoor setting,Luxurious modern,Dramatic studio lighting,Hero front angle
renault_423_hunyuandit.png,Sleek showroom,Bold futuristic,Dramatic studio lighting,Dramatic low angle
renault_427_hunyuandit.png,Sleek showroom,Elegant precision,Dynamic spotlights,Dramatic low angle
Rin_detergent_22_hunyuandit.png,Contemporary home,Elegant comfort,Cozy evening glow,Feature demonstration angle
samsung_001_hunyuandit.png,Professional workspace,Bold futuristic,Crisp product lighting,Close-up detail shot
samsung_002_hunyuandit.png,Modern home office,Clean editorial,Cool blue hour ambiance,Floating display view
samsung_003_hunyuandit.png,Tech showroom,High-tech modern,Crisp product lighting,Floating display view
Samsung_air_conditioners_22_hunyuandit.png,Modern home,Elegant minimalist,Soft domestic ambiance,Straight-on product shot
Samsung_air_conditioners_7_hunyuandit.png,Modern home,Modern domestic,Bright high-key lighting,Overhead flat lay
Samsung_mobiles_414_hunyuandit.png,Designer living space,Calm Scandinavian,Clean product spotlight,Lifestyle integration view
Samsung_mobiles_430_hunyuandit.png,Minimalist studio,Sleek minimalist,Cool blue hour ambiance,Hero product angle
Savlon_disinfectant_15_hunyuandit.png,Luxury apartment,Warm rustic,Cozy evening glow,In-context usage view
sbi_sanjeevani_005_hunyuandit.png,Professional workspace,Secure modern,Diffused window light,Eye-level perspective
shampoo_10_hunyuandit.png,Stylish bathroom,Calm Scandinavian,Diffused window light,Serene wide shot
SingaporeAirlines_101_hunyuandit.png,Luxury resort,Adventurous explorer,Natural sunlight,Aerial overview
skoda_401_hunyuandit.png,Urban street,Bold futuristic,Moody contrast,Dramatic low angle
skoda_419_hunyuandit.png,Sleek showroom,Bold futuristic,Moody contrast,Hero front angle
skoda_422_hunyuandit.png,Natural outdoor setting,Bold futuristic,Cool blue hour ambiance,Three-quarter view
skoda_428_hunyuandit.png,Natural outdoor setting,Bold futuristic,Moody contrast,Dynamic motion shot
So_Safe_Water_Technologies_hunyuandit.png,Luxury apartment,Sleek contemporary,Clean product spotlight,Straight-on product shot
Soft_And_Cool_hunyuandit.png,Modern home office,Calm Scandinavian,Warm home ambiance,Feature demonstration angle
Soft_And_Cool_2_hunyuandit.png,Contemporary home,Warm rustic,Cozy evening glow,Feature demonstration angle
Sony_television_33_hunyuandit.png,Tech showroom,High-tech modern,Clean studio setup,Close-up detail shot
Sony_television_404_hunyuandit.png,Modern home office,High-tech modern,Cool blue hour ambiance,Floating display view
Sony_television_429_hunyuandit.png,Modern home office,Sleek minimalist,Crisp product lighting,Floating display view
SpiceJet_424_hunyuandit.png,Coastal beach scene,Peaceful natural,Warm golden hour glow,Wide angle perspective
State_Bank_Of_India_16_hunyuandit.png,Professional workspace,Professional corporate,Ambient environmental light,Eye-level perspective
State_Bank_Of_India_406_hunyuandit.png,Modern home office,Secure modern,Ambient environmental light,Eye-level perspective
State_Bank_Of_India_409_hunyuandit.png,Executive office,Elegant minimalist,Professional office lighting,Symbolic composition
Swiggy_408_hunyuandit.png,Professional workspace,Approachable business,Professional diffused,Service in action
tablets_panadol_hunyuandit.png,Spa environment,Rejuvenating spa,Gentle ambient glow,Shallow depth of field focus
tanishq_1_hunyuandit.png,High-end retail space,Fashion forward,Dramatic studio lighting,Close-up detail shot
tanishq_202_hunyuandit.png,Minimalist studio,Luxurious modern,Soft diffused glow,Close-up detail shot
Tanishq_jewellary_404_hunyuandit.png,Fashion editorial setting,Luxurious modern,Dramatic studio lighting,Wrist/body placement shot
Tanishq_jewellary_416_hunyuandit.png,High-end retail space,Fashion forward,Crisp product lighting,Wrist/body placement shot
Tanishq_jewellary_423_hunyuandit.png,Fashion editorial setting,Timeless classic,Jewelry showcase lighting,Close-up detail shot
tata_420_hunyuandit.png,Natural outdoor setting,Bold futuristic,Moody contrast,Three-quarter view
tata_422_hunyuandit.png,Natural outdoor setting,Bold futuristic,Dramatic studio lighting,Hero front angle
tech_001_hunyuandit.png,Minimalist studio,Sleek minimalist,Cool blue hour ambiance,Close-up detail shot
tech_002__hunyuandit.png,Professional workspace,Bold futuristic,Clean studio setup,Close-up detail shot
tech_003_hunyuandit.png,Professional workspace,High-tech modern,High-tech LED accents,Close-up detail shot
tech_005_hunyuandit.png,Professional workspace,Vibrant contemporary,Soft natural daylight,Eye-level perspective
tech_006_hunyuandit.png,Tech showroom,Clean editorial,High-tech LED accents,Close-up detail shot
Tide_pods_008_hunyuandit.png,Contemporary home,Cozy contemporary,Cozy evening glow,Lifestyle wide angle
Titan_watches_402_hunyuandit.png,Modern home office,Sleek minimalist,Clean studio setup,Hero product angle
Titan_watches_405_hunyuandit.png,Tech showroom,High-tech modern,High-tech LED accents,Hero product angle
Titan_watches_414_hunyuandit.png,High-end retail space,Timeless classic,Soft diffused glow,Overhead flat lay
Titan_watches_419_hunyuandit.png,Luxury apartment,Fashion forward,Jewelry showcase lighting,Feature highlight angle
tourism_001_hunyuandit.png,Historic cityscape,Adventurous explorer,Natural sunlight,Dynamic action angle
toyota_417_hunyuandit.png,Mountain road,Dynamic performance,Dynamic spotlights,Dramatic low angle
toyota_427_hunyuandit.png,Sleek showroom,Dynamic performance,Dramatic studio lighting,Dramatic low angle
toyota_collora_001_hunyuandit.png,Sleek showroom,Luxurious modern,Dynamic spotlights,Three-quarter view
travel_004_hunyuandit.png,Mountain landscape,Vibrant contemporary,Natural sunlight,Wide angle perspective
travel_005_hunyuandit.png,Coastal beach scene,Vibrant contemporary,Natural sunlight,Wide angle perspective
trip_001_hunyuandit.png,Coastal beach scene,Luxurious escape,Natural sunlight,Wide angle perspective
Tropicana_401_hunyuandit.png,Urban cafe,Warm rustic,Rich contrasting shadows,Overhead flat lay
tvs_417_hunyuandit.png,Mountain road,Dynamic performance,Dramatic studio lighting,Three-quarter view
tvs_418_hunyuandit.png,Professional workspace,Approachable business,Ambient environmental light,Client interaction view
tvs_428_hunyuandit.png,Mountain road,Elegant precision,Dynamic spotlights,Three-quarter view
Tyka_7_hunyuandit.png,Minimalist studio,Trendy contemporary,Atmospheric backlight,Fashion editorial pose
tyres_001_hunyuandit.png,Sleek showroom,Bold futuristic,Dramatic studio lighting,Dramatic low angle
tyres_002_hunyuandit.png,Sleek showroom,Luxurious modern,Dynamic spotlights,Dynamic motion shot
uber_001_hunyuandit.png,Client meeting space,Approachable business,Warm inviting glow,Eye-level perspective
uberEats_101_hunyuandit.png,Corporate office,Trusted expert,Warm inviting glow,Service in action
Union_Bank_Of_India_404_hunyuandit.png,Professional workspace,Trusted authority,Soft business setting,Eye-level perspective
union_pacific_hunyuandit.png,Client meeting space,Approachable business,Professional diffused,Eye-level perspective
Vadilal_409_hunyuandit.png,Urban cafe,Clean editorial,Warm ambient glow,Overhead flat lay
vegan_001_hunyuandit.png,Urban cafe,Warm rustic,Dramatic studio lighting,Close-up detail shot
Vistara_400_hunyuandit.png,Luxury resort,Luxurious escape,Warm golden hour glow,Wide angle perspective
Vistara_403_hunyuandit.png,Historic cityscape,Vibrant contemporary,Natural sunlight,Wide angle perspective
Voltas_air_conditioners_11_hunyuandit.png,Sleek kitchen,Modern domestic,Clean product spotlight,In-context usage angle
Voltas_air_conditioners_27_hunyuandit.png,Luxury apartment,Modern domestic,Clean product spotlight,Overhead flat lay
Voltas_air_conditioners_6_hunyuandit.png,Modern home,Sleek contemporary,Bright high-key lighting,In-context usage angle
volvo_001_hunyuandit.png,Sleek showroom,Bold futuristic,Moody contrast,Dramatic low angle
washing_machine_21_hunyuandit.png,Sleek kitchen,Elegant minimalist,Soft domestic ambiance,Overhead flat lay
watch_001_hunyuandit.png,Luxury apartment,Luxurious modern,Jewelry showcase lighting,Close-up detail shot
watch_002_hunyuandit.png,High-end retail space,Fashion forward,Dramatic studio lighting,Feature highlight angle
watches_001_hunyuandit.png,Luxury apartment,Timeless classic,Crisp product lighting,Feature highlight angle
watches_002_hunyuandit.png,High-end retail space,Elegant minimalist,Jewelry showcase lighting,Feature highlight angle
watches_003_hunyuandit.png,High-end retail space,Luxurious modern,Soft diffused glow,Close-up detail shot
watches_004_hunyuandit.png,Minimalist studio,Luxurious modern,Soft diffused glow,Wrist/body placement shot
watches_005_hunyuandit.png,Minimalist studio,Timeless classic,Crisp product lighting,Overhead flat lay
watches_006_hunyuandit.png,Corporate office,Approachable business,Warm inviting glow,Lifestyle wide angle
watches_008_hunyuandit.png,High-end retail space,Timeless classic,Crisp product lighting,Wrist/body placement shot
water_purifier_001_hunyuandit.png,Designer living space,Sleek contemporary,Soft domestic ambiance,In-context usage angle
Whirlpool_refrigerators_414_hunyuandit.png,Modern home,Modern domestic,Bright high-key lighting,In-context usage angle
Whirlpool_refrigerators_426_hunyuandit.png,Sleek kitchen,Sleek contemporary,Clean product spotlight,Lifestyle integration view
Wild_Stone_48_hunyuandit.png,Natural outdoor setting,Serene minimalist,Diffused window light,Serene wide shot
Yatra_400_hunyuandit.png,Mountain landscape,Adventurous explorer,Warm golden hour glow,Dynamic action angle
Yatra_407_hunyuandit.png,Mountain landscape,Luxurious escape,Warm golden hour glow,Wide angle perspective
Yatra_429_hunyuandit.png,Coastal beach scene,Peaceful natural,Natural sunlight,Dynamic action angle
Zomato_400_hunyuandit.png,Corporate office,Approachable business,Warm inviting glow,Eye-level perspective
Zomato_407_hunyuandit.png,Urban cafe,Approachable business,Ambient environmental light,Service in action
